id,first_name,last_name,email,gender,country
1,Karlene,Watterson,kwatterson0@examiner.com,Genderfluid,China
2,Barbara-anne,Donaher,bdonaher1@wired.com,Female,Albania
3,Portie,Jarrell,pjarrell2@usnews.com,Male,Serbia
4,Maximilianus,Shortt,mshortt3@irs.gov,Male,Russia
5,Kittie,Beet,kbeet4@time.com,Female,Canada
6,Fae,Martinelli,fmartinelli5@storify.com,Agender,Papua New Guinea
7,Pris,Rottery,prottery6@si.edu,Female,Ecuador
8,Falkner,Richards,frichards7@zdnet.com,Male,Indonesia
9,Anabel,Dixcee,adixcee8@e-recht24.de,Female,Ukraine
10,Anthea,Duffin,aduffin9@acquirethisname.com,Female,Chile
11,Milli,Hayworth,mhaywortha@oaic.gov.au,Female,Vietnam
12,Fanechka,Girault,fgiraultb@sourceforge.net,Genderqueer,Portugal
13,Judie,Ackenson,jackensonc@ucoz.ru,Female,Poland
14,Diannne,Squibbs,dsquibbsd@t-online.de,Female,Sierra Leone
15,Elton,Tobias,etobiase@pagesperso-orange.fr,Male,Philippines
16,Malva,Myatt,mmyattf@senate.gov,Female,Portugal
17,Lynnette,Lillicrap,llillicrapg@buzzfeed.com,Female,Tajikistan
18,Darleen,Cullon,dcullonh@comcast.net,Female,Russia
19,Daloris,Hampshire,dhampshirei@is.gd,Female,Russia
20,Jessika,Wilkin,jwilkinj@purevolume.com,Female,Sweden
21,Ellynn,Fleetwood,efleetwoodk@posterous.com,Female,Thailand
22,Algernon,Laville,alavillel@mapquest.com,Male,Malaysia
23,Harrie,Leyshon,hleyshonm@dion.ne.jp,Female,Gambia
24,Dionne,Orr,dorrn@house.gov,Female,China
25,Berte,Fidell,bfidello@bbb.org,Female,United Arab Emirates
26,Fayre,Oluwatoyin,foluwatoyinp@google.pl,Female,Trinidad and Tobago
27,Carly,Halls,challsq@google.ru,Male,Indonesia
28,Darrelle,Limprecht,dlimprechtr@nydailynews.com,Female,China
29,Nollie,Peckitt,npeckitts@webnode.com,Female,Philippines
30,Dev,Cullrford,dcullrfordt@facebook.com,Male,Brazil
31,Dieter,Norwood,dnorwoodu@aboutads.info,Male,China
32,Ivor,Dade,idadev@youtu.be,Male,Indonesia
33,Jennine,Lugsdin,jlugsdinw@typepad.com,Female,Philippines
34,Kirby,Tallquist,ktallquistx@yelp.com,Genderqueer,China
35,Aridatha,Egger,aeggery@microsoft.com,Female,Germany
36,Silvanus,Grono,sgronoz@hp.com,Male,China
37,Olympe,Roddie,oroddie10@wired.com,Genderqueer,Peru
38,Valentia,Friday,vfriday11@dedecms.com,Female,Russia
39,Tod,Sustin,tsustin12@joomla.org,Agender,China
40,Jodi,Maber,jmaber13@ucsd.edu,Male,China
41,Lana,Filipowicz,lfilipowicz14@rediff.com,Female,United States
42,Kenton,Hacket,khacket15@cdbaby.com,Male,China
43,Maxwell,Godlip,mgodlip16@com.com,Genderqueer,Indonesia
44,Harman,Meagh,hmeagh17@biblegateway.com,Male,Poland
45,Morrie,Eymer,meymer18@webmd.com,Polygender,Indonesia
46,Gayel,Forsaith,gforsaith19@ebay.co.uk,Female,Norway
47,Charlotte,Stonman,cstonman1a@blogs.com,Female,Japan
48,Carlie,McQuirk,cmcquirk1b@mit.edu,Female,Brazil
49,Phillida,McMeyler,pmcmeyler1c@baidu.com,Female,Pakistan
50,Gillian,Challen,gchallen1d@histats.com,Female,Poland
51,Robbie,Greally,rgreally1e@people.com.cn,Polygender,Indonesia
52,Drusie,Hendonson,dhendonson1f@dmoz.org,Female,Portugal
53,Igor,Crake,icrake1g@unesco.org,Male,China
54,Vania,Ivankin,vivankin1h@census.gov,Female,Honduras
55,Rosalinda,Franey,rfraney1i@soundcloud.com,Bigender,Dominican Republic
56,Katine,Linden,klinden1j@gravatar.com,Female,Philippines
57,Jamal,Atterley,jatterley1k@sourceforge.net,Male,Malaysia
58,Tucker,Ballard,tballard1l@psu.edu,Male,France
59,Linnea,Ohanessian,lohanessian1m@redcross.org,Female,Syria
60,Marcie,Pendleton,mpendleton1n@taobao.com,Female,Ivory Coast
61,Dillie,Hailes,dhailes1o@reverbnation.com,Male,Indonesia
62,Gustie,Mattiassi,gmattiassi1p@deviantart.com,Female,Latvia
63,Crystal,Summerbell,csummerbell1q@discovery.com,Female,South Africa
64,Joelle,Scrivinor,jscrivinor1r@yahoo.com,Female,Armenia
65,Jerrie,Shutte,jshutte1s@msn.com,Male,Belarus
66,Amargo,O' Timony,aotimony1t@bbb.org,Female,China
67,Oralee,Coyish,ocoyish1u@lulu.com,Female,China
68,Bunnie,McWhannel,bmcwhannel1v@ocn.ne.jp,Female,China
69,Aland,Romagosa,aromagosa1w@devhub.com,Male,United States
70,Leonard,Tame,ltame1x@merriam-webster.com,Male,Brazil
71,Quentin,Gordon-Giles,qgordongiles1y@si.edu,Female,France
72,Gris,Lillgard,glillgard1z@phpbb.com,Polygender,Togo
73,Lon,Niblock,lniblock20@elegantthemes.com,Male,Pakistan
74,Esta,Birkmyr,ebirkmyr21@infoseek.co.jp,Female,Argentina
75,Maddy,Rodliff,mrodliff22@mashable.com,Male,Brazil
76,Neilla,Tellenbroker,ntellenbroker23@dell.com,Polygender,Indonesia
77,Ariadne,Greenwell,agreenwell24@prlog.org,Female,Colombia
78,Gaston,Pentelo,gpentelo25@whitehouse.gov,Male,China
79,Christi,Lovelady,clovelady26@t-online.de,Bigender,China
80,Arlin,Garrand,agarrand27@pagesperso-orange.fr,Male,Greece
81,Loretta,Amberg,lamberg28@youtu.be,Female,Indonesia
82,Nataniel,Litzmann,nlitzmann29@economist.com,Male,Italy
83,Tome,Brooker,tbrooker2a@istockphoto.com,Male,France
84,Juliane,Menure,jmenure2b@tumblr.com,Female,China
85,Conrad,Gavagan,cgavagan2c@techcrunch.com,Male,France
86,Edeline,Hugnin,ehugnin2d@yahoo.com,Female,Russia
87,Bax,Forster,bforster2e@dropbox.com,Male,Indonesia
88,Farleigh,Ciccarelli,fciccarelli2f@usa.gov,Male,Nigeria
89,Towney,Kaser,tkaser2g@arstechnica.com,Male,Morocco
90,Cecilla,Skerme,cskerme2h@usatoday.com,Female,Philippines
91,Josiah,Everleigh,jeverleigh2i@flickr.com,Male,Serbia
92,Lowe,Meece,lmeece2j@vinaora.com,Male,China
93,Lin,Cannon,lcannon2k@ycombinator.com,Female,China
94,Guinevere,Hanaby,ghanaby2l@wordpress.org,Non-binary,Spain
95,Michele,Spreckley,mspreckley2m@mysql.com,Genderqueer,France
96,Minnaminnie,Kornel,mkornel2n@symantec.com,Genderqueer,China
97,Jocko,Hogsden,jhogsden2o@barnesandnoble.com,Male,Indonesia
98,Rutger,Capstaff,rcapstaff2p@telegraph.co.uk,Male,United States
99,Nap,Shatliff,nshatliff2q@imageshack.us,Male,Colombia
100,Barry,Cake,bcake2r@pbs.org,Female,Thailand
101,Jilly,Jaslem,jjaslem2s@intel.com,Female,Portugal
102,Rogers,Andrysiak,randrysiak2t@irs.gov,Male,Russia
103,Tremain,Kittredge,tkittredge2u@tumblr.com,Male,Portugal
104,Gardiner,Trevithick,gtrevithick2v@networksolutions.com,Male,Philippines
105,Val,Balnave,vbalnave2w@about.com,Female,China
106,Kriste,Daventry,kdaventry2x@issuu.com,Female,Argentina
107,Bernita,Tinton,btinton2y@blogs.com,Female,China
108,Bernard,Twiddle,btwiddle2z@dyndns.org,Agender,Indonesia
109,Barret,Astridge,bastridge30@issuu.com,Non-binary,Indonesia
110,Quentin,Prater,qprater31@cnet.com,Agender,Ukraine
111,Sidnee,Gobell,sgobell32@mozilla.org,Male,China
112,Lise,Geyton,lgeyton33@umich.edu,Female,Japan
113,Katinka,Biskup,kbiskup34@bing.com,Female,Russia
114,Kareem,Cleeton,kcleeton35@yellowbook.com,Male,Georgia
115,Bryce,Kirton,bkirton36@sciencedirect.com,Male,France
116,Dianna,Brigdale,dbrigdale37@amazon.de,Female,Palestinian Territory
117,Roslyn,Broose,rbroose38@prlog.org,Female,Russia
118,Raphael,Castelow,rcastelow39@dion.ne.jp,Male,Macedonia
119,Josy,Duff,jduff3a@rakuten.co.jp,Female,Botswana
120,Rog,Matchell,rmatchell3b@china.com.cn,Male,China
121,Euell,Fiennes,efiennes3c@photobucket.com,Male,Poland
122,Sig,Charteris,scharteris3d@biglobe.ne.jp,Male,China
123,Sibley,Hendrich,shendrich3e@liveinternet.ru,Agender,Mexico
124,Myer,Goseling,mgoseling3f@diigo.com,Male,Philippines
125,Mahmoud,Strowther,mstrowther3g@ihg.com,Male,Jamaica
126,Jarrett,Fronek,jfronek3h@topsy.com,Male,Peru
127,Annaliese,Sline,asline3i@jigsy.com,Female,Russia
128,Gail,Selman,gselman3j@cbslocal.com,Female,Indonesia
129,Willy,Flaxon,wflaxon3k@stumbleupon.com,Male,China
130,Cacilia,Winfindine,cwinfindine3l@wikimedia.org,Female,Belarus
131,Cassandry,Wake,cwake3m@vinaora.com,Female,Ukraine
132,Nonah,Rodder,nrodder3n@merriam-webster.com,Female,Russia
133,Devina,Coe,dcoe3o@mac.com,Female,Japan
134,Tally,Stanger,tstanger3p@scribd.com,Male,Ukraine
135,Gare,Skoggins,gskoggins3q@shareasale.com,Male,Greece
136,Cristabel,Masding,cmasding3r@google.nl,Female,Uganda
137,Joshua,Dudney,jdudney3s@shutterfly.com,Male,China
138,Evanne,Larose,elarose3t@instagram.com,Female,Pakistan
139,Masha,Fenkel,mfenkel3u@yellowbook.com,Female,South Korea
140,Rochelle,Skullet,rskullet3v@google.com.hk,Female,South Africa
141,Travis,Elsby,telsby3w@wordpress.com,Male,Morocco
142,Sherrie,Oliveto,soliveto3x@amazon.com,Female,China
143,Margot,Vigrass,mvigrass3y@wikimedia.org,Genderqueer,Bangladesh
144,Levin,Meers,lmeers3z@hud.gov,Male,Venezuela
145,Saundra,Gameson,sgameson40@abc.net.au,Male,Philippines
146,Ebonee,O'Scollee,eoscollee41@vimeo.com,Female,Indonesia
147,Tandie,Craw,tcraw42@skyrock.com,Agender,Ukraine
148,Mauricio,MacAlpyne,mmacalpyne43@yellowbook.com,Male,Argentina
149,Willabella,Hampe,whampe44@chicagotribune.com,Female,China
150,Micheal,Duddan,mduddan45@networksolutions.com,Male,Kyrgyzstan
151,Cristina,Mintrim,cmintrim46@cnn.com,Genderfluid,Yemen
152,Ailene,Tillot,atillot47@goo.gl,Female,Central African Republic
153,Bail,Frowd,bfrowd48@ask.com,Male,Poland
154,Lee,Turbitt,lturbitt49@patch.com,Female,Brazil
155,El,Milborn,emilborn4a@tamu.edu,Male,China
156,Kimmi,Southall,ksouthall4b@i2i.jp,Female,France
157,Clarette,Acutt,cacutt4c@bloglovin.com,Female,Norway
158,Patten,Payley,ppayley4d@amazon.com,Male,Norway
159,Brod,Brabbins,bbrabbins4e@slate.com,Male,Brazil
160,Ulrich,Norster,unorster4f@huffingtonpost.com,Male,Indonesia
161,Marcello,Allbut,mallbut4g@ucoz.ru,Male,Indonesia
162,Filippo,Cuphus,fcuphus4h@drupal.org,Male,Canada
163,Sutton,Caskey,scaskey4i@statcounter.com,Male,Czech Republic
164,Ezechiel,Skippon,eskippon4j@nbcnews.com,Male,Brazil
165,Fara,Biever,fbiever4k@mayoclinic.com,Female,Nigeria
166,Rhona,Edgeley,redgeley4l@chronoengine.com,Female,Indonesia
167,Willi,Kendell,wkendell4m@etsy.com,Male,United States
168,Gregoor,Rohlf,grohlf4n@geocities.com,Male,China
169,Hedwig,Forsard,hforsard4o@wikimedia.org,Female,Indonesia
170,Cull,Mahoney,cmahoney4p@vk.com,Male,South Africa
171,Rodney,Narrie,rnarrie4q@com.com,Male,Philippines
172,Thea,Meas,tmeas4r@dot.gov,Female,Poland
173,Chuck,Sherborn,csherborn4s@networksolutions.com,Male,Indonesia
174,Duffie,Bumford,dbumford4t@dot.gov,Male,Poland
175,Adrien,Eassom,aeassom4u@shutterfly.com,Male,Brazil
176,Trever,Sipson,tsipson4v@cdc.gov,Male,Malta
177,Jerrie,Joselevitch,jjoselevitch4w@upenn.edu,Male,Poland
178,Farleigh,Farney,ffarney4x@google.de,Male,Russia
179,Kyrstin,Loody,kloody4y@arstechnica.com,Female,Cuba
180,Willi,Hayes,whayes4z@ovh.net,Female,Russia
181,Erhart,Aish,eaish50@vinaora.com,Male,United Kingdom
182,Mayer,Winder,mwinder51@about.com,Male,Russia
183,Karlan,Furnival,kfurnival52@slate.com,Male,France
184,Salomi,Spino,sspino53@google.it,Female,Russia
185,Lib,Amiss,lamiss54@cornell.edu,Female,Sweden
186,Romain,Anthony,ranthony55@google.cn,Male,China
187,Alanah,Shortall,ashortall56@paypal.com,Female,Venezuela
188,Lewie,Pennaman,lpennaman57@ycombinator.com,Male,Israel
189,Pat,Zuenelli,pzuenelli58@ucoz.ru,Male,Palestinian Territory
190,Merell,Vagg,mvagg59@netvibes.com,Male,Indonesia
191,Vonni,Demongeot,vdemongeot5a@feedburner.com,Female,Croatia
192,Ivory,Slimm,islimm5b@apache.org,Female,Indonesia
193,Gordon,Perryman,gperryman5c@google.co.uk,Male,Russia
194,Celisse,Bielfeld,cbielfeld5d@tumblr.com,Female,Indonesia
195,Rodge,Willisch,rwillisch5e@mashable.com,Non-binary,Portugal
196,Glenn,Creek,gcreek5f@auda.org.au,Female,Mongolia
197,Giustina,Stidever,gstidever5g@mashable.com,Female,Syria
198,Terrie,Kilshaw,tkilshaw5h@telegraph.co.uk,Female,Nigeria
199,Vernon,Dunn,vdunn5i@addtoany.com,Male,China
200,Chandra,Lickorish,clickorish5j@wired.com,Genderqueer,Indonesia
201,Phil,Rosenfrucht,prosenfrucht5k@apache.org,Male,Japan
202,Ibbie,Skinn,iskinn5l@tripod.com,Agender,Belarus
203,Lawton,Huckel,lhuckel5m@globo.com,Male,Ukraine
204,Phyllida,Bartalin,pbartalin5n@dedecms.com,Female,China
205,Corbet,Herrero,cherrero5o@hao123.com,Male,Bulgaria
206,Town,Pedycan,tpedycan5p@shop-pro.jp,Male,Thailand
207,Travis,Messier,tmessier5q@naver.com,Male,China
208,Asa,Tolcher,atolcher5r@guardian.co.uk,Male,Nigeria
209,Lynnette,Shorton,lshorton5s@disqus.com,Female,Indonesia
210,Dav,McGrath,dmcgrath5t@a8.net,Male,Tanzania
211,Normie,Kellie,nkellie5u@gmpg.org,Male,Russia
212,Gray,Karle,gkarle5v@storify.com,Agender,Philippines
213,Brody,Bengall,bbengall5w@ustream.tv,Male,China
214,Gusty,Pattemore,gpattemore5x@joomla.org,Female,Pakistan
215,Ransom,Furber,rfurber5y@engadget.com,Male,Sri Lanka
216,Cathryn,Lambrick,clambrick5z@jugem.jp,Female,China
217,Stefania,Gomar,sgomar60@mlb.com,Female,Bahamas
218,Orbadiah,Clausen-Thue,oclausenthue61@wikimedia.org,Male,Hungary
219,Freda,Banford,fbanford62@sciencedaily.com,Female,Russia
220,Rivi,McNay,rmcnay63@hc360.com,Female,Ireland
221,Art,Kelberman,akelberman64@businessweek.com,Male,Indonesia
222,Hamel,Docharty,hdocharty65@msu.edu,Male,Indonesia
223,Madelon,Oxenden,moxenden66@army.mil,Female,Japan
224,Corny,Gazey,cgazey67@umich.edu,Female,Greece
225,Hew,Casacchia,hcasacchia68@360.cn,Male,Indonesia
226,Joice,Bodesson,jbodesson69@europa.eu,Female,Argentina
227,Livvie,Syne,lsyne6a@bloomberg.com,Female,Mexico
228,Carrissa,Le Fleming,clefleming6b@w3.org,Female,Russia
229,Leticia,Creese,lcreese6c@linkedin.com,Female,Mexico
230,Torrey,Syratt,tsyratt6d@macromedia.com,Male,China
231,Tadd,Tal,ttal6e@hugedomains.com,Male,Tunisia
232,Kati,Caen,kcaen6f@oracle.com,Female,Mexico
233,Clifford,Mattschas,cmattschas6g@comsenz.com,Male,China
234,Abrahan,Folomin,afolomin6h@reverbnation.com,Male,Greece
235,Alta,Doy,adoy6i@hugedomains.com,Female,Russia
236,Elwood,Diggles,ediggles6j@yellowbook.com,Male,Guinea
237,Maxim,Airth,mairth6k@quantcast.com,Male,Russia
238,Jacky,Rabbitts,jrabbitts6l@fda.gov,Female,Argentina
239,Pincus,MacElholm,pmacelholm6m@mediafire.com,Male,Colombia
240,Taite,Watsam,twatsam6n@multiply.com,Male,Croatia
241,Nissy,Lujan,nlujan6o@biblegateway.com,Female,Philippines
242,Tiertza,Lawrie,tlawrie6p@reddit.com,Female,China
243,Hiram,Fullerton,hfullerton6q@trellian.com,Male,Liechtenstein
244,Sloane,Northwood,snorthwood6r@yolasite.com,Male,Panama
245,Kerby,Websdale,kwebsdale6s@delicious.com,Male,China
246,Ewart,Edgeson,eedgeson6t@prlog.org,Male,Cuba
247,Meridith,Pomfret,mpomfret6u@vistaprint.com,Bigender,Thailand
248,Ninnetta,Lilliman,nlilliman6v@ft.com,Female,Philippines
249,Hymie,Esherwood,hesherwood6w@examiner.com,Male,Argentina
250,Abner,Haborn,ahaborn6x@apple.com,Male,Russia
251,Ashlin,Shillaker,ashillaker6y@ovh.net,Male,Indonesia
252,Lyell,Reilly,lreilly6z@sphinn.com,Male,Yemen
253,Harry,Arnke,harnke70@blog.com,Male,Chile
254,Alasdair,Hembry,ahembry71@spiegel.de,Male,United States
255,Rutherford,Ryves,rryves72@google.nl,Male,Philippines
256,Stephanus,Garlett,sgarlett73@google.nl,Male,Indonesia
257,Silas,Waliszewski,swaliszewski74@csmonitor.com,Male,Indonesia
258,Jermain,Vahey,jvahey75@mac.com,Male,Indonesia
259,Christi,Eley,celey76@goo.ne.jp,Female,France
260,Harald,Stolli,hstolli77@mysql.com,Male,China
261,Philly,Brashaw,pbrashaw78@aol.com,Non-binary,Iran
262,Mala,Reiner,mreiner79@craigslist.org,Female,Indonesia
263,June,Woollcott,jwoollcott7a@virginia.edu,Female,Indonesia
264,Larry,Bodemeaid,lbodemeaid7b@live.com,Male,Greece
265,Taite,Purves,tpurves7c@yale.edu,Male,Serbia
266,Faustina,Gothup,fgothup7d@wsj.com,Female,Indonesia
267,Borg,Hardin,bhardin7e@reverbnation.com,Genderqueer,Uzbekistan
268,Rube,Sinnatt,rsinnatt7f@stumbleupon.com,Male,China
269,Karie,Cahan,kcahan7g@bloglovin.com,Genderfluid,Georgia
270,Zeb,McCambrois,zmccambrois7h@ebay.com,Male,Indonesia
271,Emelda,Limer,elimer7i@weather.com,Female,Portugal
272,Emmott,Fortman,efortman7j@smh.com.au,Male,Russia
273,Keen,Paradis,kparadis7k@wikimedia.org,Male,China
274,Douglass,Heap,dheap7l@umich.edu,Male,Sweden
275,Augustine,Kebell,akebell7m@china.com.cn,Male,Indonesia
276,Svend,Harbord,sharbord7n@hc360.com,Agender,Indonesia
277,Muffin,Kivelhan,mkivelhan7o@rediff.com,Genderqueer,Papua New Guinea
278,Imogene,Dewhirst,idewhirst7p@aol.com,Female,China
279,Nada,Bottrell,nbottrell7q@homestead.com,Female,Indonesia
280,Anders,Heyns,aheyns7r@fastcompany.com,Male,Kenya
281,Calli,McKerlie,cmckerlie7s@ow.ly,Female,China
282,Luis,Sommer,lsommer7t@bizjournals.com,Male,Brazil
283,Phyllys,Dawidowicz,pdawidowicz7u@t-online.de,Female,Namibia
284,Cherilynn,Maddie,cmaddie7v@washingtonpost.com,Female,Slovenia
285,Vittoria,Gully,vgully7w@gizmodo.com,Female,Albania
286,Ninetta,O'Dunniom,nodunniom7x@examiner.com,Female,France
287,Neila,Cayet,ncayet7y@engadget.com,Female,United Arab Emirates
288,Lolita,Joel,ljoel7z@smugmug.com,Female,Albania
289,Portie,O'Sesnane,posesnane80@slate.com,Male,Mauritius
290,Albert,Piris,apiris81@cornell.edu,Male,Latvia
291,Idell,Howard,ihoward82@arizona.edu,Female,Germany
292,Shannon,Blasgen,sblasgen83@state.tx.us,Male,France
293,Harmon,Warratt,hwarratt84@ucoz.com,Male,Canada
294,Dulcine,Fuente,dfuente85@mit.edu,Female,Indonesia
295,Pet,Frankiss,pfrankiss86@wordpress.com,Female,China
296,Lise,Dankersley,ldankersley87@rakuten.co.jp,Female,Indonesia
297,Evangelin,Whiteman,ewhiteman88@myspace.com,Female,China
298,Vonnie,Southward,vsouthward89@bandcamp.com,Female,Chile
299,Conni,Platfoot,cplatfoot8a@berkeley.edu,Female,Ecuador
300,Waite,Woollard,wwoollard8b@com.com,Male,Indonesia
301,Cull,Mattheeuw,cmattheeuw8c@vk.com,Male,Peru
302,Odo,Oxbrough,ooxbrough8d@economist.com,Male,Paraguay
303,Cariotta,Hailey,chailey8e@phpbb.com,Female,Indonesia
304,Bailey,Gerrad,bgerrad8f@theatlantic.com,Male,Russia
305,Connor,McGilvary,cmcgilvary8g@liveinternet.ru,Male,Sweden
306,Alejoa,Gerrie,agerrie8h@discuz.net,Male,France
307,Keene,Liepina,kliepina8i@vinaora.com,Male,Poland
308,Monika,Sully,msully8j@elpais.com,Female,Japan
309,Lester,Americi,lamerici8k@nyu.edu,Male,Indonesia
310,Lu,Cobb,lcobb8l@behance.net,Female,Russia
311,Tierney,Runacres,trunacres8m@netscape.com,Female,Poland
312,Dasie,Hullock,dhullock8n@amazon.com,Female,Russia
313,Alessandro,Terrelly,aterrelly8o@illinois.edu,Male,Canada
314,Stefano,Stoodale,sstoodale8p@liveinternet.ru,Male,Indonesia
315,Gwenny,Palley,gpalley8q@mit.edu,Female,Ukraine
316,Park,Teaze,pteaze8r@blogspot.com,Male,Philippines
317,Claudius,Catenot,ccatenot8s@163.com,Genderfluid,Mali
318,Rourke,Dabrowski,rdabrowski8t@techcrunch.com,Male,France
319,Thibaud,Milleton,tmilleton8u@hostgator.com,Male,United States
320,Sax,Astill,sastill8v@noaa.gov,Male,Philippines
321,Cynthie,Oswal,coswal8w@umich.edu,Female,China
322,Gerhard,Davys,gdavys8x@cargocollective.com,Male,Estonia
323,Den,Edwins,dedwins8y@last.fm,Genderqueer,Luxembourg
324,Hansiain,Stonner,hstonner8z@webs.com,Polygender,China
325,Augustine,Rodliff,arodliff90@github.io,Female,Tanzania
326,Florentia,Gratton,fgratton91@earthlink.net,Bigender,China
327,Nadean,Peile,npeile92@nature.com,Female,China
328,Dill,Hainning,dhainning93@wp.com,Male,Brazil
329,Cornelle,Marioneau,cmarioneau94@xrea.com,Female,Brazil
330,Griffith,Wollers,gwollers95@quantcast.com,Male,Vietnam
331,Wenona,Grattage,wgrattage96@yahoo.co.jp,Female,Djibouti
332,Zulema,O'Loughnan,zoloughnan97@telegraph.co.uk,Female,Ecuador
333,Ilise,Townley,itownley98@multiply.com,Female,Brazil
334,Laurel,Nuton,lnuton99@opensource.org,Female,Canada
335,Judy,Ironmonger,jironmonger9a@smh.com.au,Female,France
336,Kaye,Streight,kstreight9b@ovh.net,Female,Russia
337,Peirce,Dayer,pdayer9c@rakuten.co.jp,Male,Germany
338,Prudy,Buer,pbuer9d@google.ca,Female,Poland
339,Kurtis,Sweedy,ksweedy9e@fastcompany.com,Male,Indonesia
340,Georgena,Whitley,gwhitley9f@buzzfeed.com,Genderqueer,Maldives
341,Doreen,Bielfeld,dbielfeld9g@reddit.com,Female,China
342,Lek,Vedeniktov,lvedeniktov9h@yandex.ru,Bigender,China
343,Janetta,Gotcher,jgotcher9i@yahoo.co.jp,Female,Indonesia
344,Carter,Eustice,ceustice9j@fema.gov,Male,Indonesia
345,Lexy,Madre,lmadre9k@marketwatch.com,Female,France
346,Oren,Westcar,owestcar9l@xinhuanet.com,Polygender,Bulgaria
347,Regina,Cowdroy,rcowdroy9m@edublogs.org,Female,Portugal
348,Georges,Plummer,gplummer9n@ucoz.com,Male,Vietnam
349,Romain,Vittet,rvittet9o@homestead.com,Male,Indonesia
350,Abe,Galilee,agalilee9p@rediff.com,Male,Portugal
351,Lusa,Onn,lonn9q@cafepress.com,Female,Peru
352,Alfie,Pechet,apechet9r@nhs.uk,Male,Philippines
353,Doralynn,Whotton,dwhotton9s@bbb.org,Female,France
354,Tonye,Justham,tjustham9t@eepurl.com,Female,Bulgaria
355,Babbette,Pehrsson,bpehrsson9u@amazonaws.com,Female,China
356,Uriel,Imort,uimort9v@harvard.edu,Male,Mexico
357,Phineas,Whartonby,pwhartonby9w@craigslist.org,Male,Philippines
358,Arlyne,Murrthum,amurrthum9x@smugmug.com,Female,Kosovo
359,Georgie,Shillom,gshillom9y@tripadvisor.com,Female,Philippines
360,Aurelia,Lipsett,alipsett9z@foxnews.com,Female,Brazil
361,Archibaldo,Francombe,afrancombea0@privacy.gov.au,Male,Aruba
362,Gallagher,Bowerbank,gbowerbanka1@goo.gl,Male,Germany
363,Coralie,Speachley,cspeachleya2@scientificamerican.com,Female,Armenia
364,Ashely,McLukie,amclukiea3@amazon.com,Female,France
365,Yardley,Ortzen,yortzena4@mail.ru,Male,France
366,Ignatius,Pereira,ipereiraa5@engadget.com,Male,China
367,Clayborn,Willisch,cwillischa6@fc2.com,Male,Russia
368,Chevalier,Top,ctopa7@drupal.org,Male,China
369,Logan,Crothers,lcrothersa8@jalbum.net,Male,Pakistan
370,Garvy,D'Aguanno,gdaguannoa9@icio.us,Genderqueer,Philippines
371,Olive,Duckhouse,oduckhouseaa@netscape.com,Female,Brazil
372,Joice,Watmough,jwatmoughab@linkedin.com,Female,China
373,Kylynn,Naughton,knaughtonac@tuttocitta.it,Female,Thailand
374,Wilt,Ellar,wellarad@qq.com,Male,Poland
375,Tiebold,Laidlow,tlaidlowae@google.es,Male,Indonesia
376,Dell,Lunnon,dlunnonaf@freewebs.com,Male,China
377,Hillie,Mathews,hmathewsag@nydailynews.com,Non-binary,Jordan
378,Archambault,Claxton,aclaxtonah@vistaprint.com,Male,Sweden
379,Jedidiah,Cawse,jcawseai@meetup.com,Male,Mexico
380,Emyle,Orkney,eorkneyaj@zimbio.com,Female,France
381,Drucie,Gaymar,dgaymarak@disqus.com,Female,Mexico
382,Giorgia,Vasishchev,gvasishcheval@soup.io,Female,Sweden
383,Matthaeus,Haversham,mhavershamam@elpais.com,Male,Nepal
384,Eugene,Dockwra,edockwraan@github.io,Male,Croatia
385,Amabelle,Forshaw,aforshawao@oaic.gov.au,Female,Yemen
386,Annice,Mansfield,amansfieldap@google.pl,Female,Indonesia
387,Marissa,Parmiter,mparmiteraq@fda.gov,Genderfluid,Ukraine
388,Willy,Rosensaft,wrosensaftar@who.int,Male,Portugal
389,Saudra,Bortolutti,sbortoluttias@squidoo.com,Female,China
390,Irvine,Onyon,ionyonat@webnode.com,Male,Guatemala
391,Bret,Pitchford,bpitchfordau@reference.com,Male,France
392,Lammond,Derwin,lderwinav@flickr.com,Male,United States
393,Kiah,Crane,kcraneaw@abc.net.au,Female,Peru
394,Pate,Soles,psolesax@printfriendly.com,Male,Central African Republic
395,Adrianne,Isaksen,aisaksenay@lycos.com,Female,Indonesia
396,Samuele,Harrap,sharrapaz@jalbum.net,Male,Thailand
397,Corrianne,Neesam,cneesamb0@bbb.org,Female,China
398,Wakefield,Polkinhorn,wpolkinhornb1@photobucket.com,Male,Russia
399,Cybil,McKernon,cmckernonb2@webeden.co.uk,Female,Paraguay
400,Tymon,Dickons,tdickonsb3@utexas.edu,Male,Iran
401,Jaimie,Bruna,jbrunab4@oracle.com,Female,Cuba
402,Konstantine,Prydie,kprydieb5@xing.com,Male,Chad
403,Catherine,Helmke,chelmkeb6@ibm.com,Female,United States
404,Pauli,Cullip,pcullipb7@github.com,Female,Indonesia
405,Hildegaard,Biaggetti,hbiaggettib8@cornell.edu,Female,Russia
406,Kameko,Turney,kturneyb9@walmart.com,Female,China
407,Breanne,Rooms,broomsba@mapquest.com,Female,China
408,Aarika,MacSporran,amacsporranbb@google.ca,Female,Albania
409,Zed,Tax,ztaxbc@t-online.de,Male,Indonesia
410,Egbert,Marston,emarstonbd@unc.edu,Male,Philippines
411,Marcella,Colleymore,mcolleymorebe@yellowbook.com,Female,Sri Lanka
412,Bertrando,Lippiett,blippiettbf@senate.gov,Male,Japan
413,Pierce,Lyons,plyonsbg@angelfire.com,Male,Tajikistan
414,Edeline,Selman,eselmanbh@seesaa.net,Female,Cameroon
415,Fenelia,Renard,frenardbi@uol.com.br,Female,Luxembourg
416,Clea,Chippindall,cchippindallbj@nba.com,Female,Thailand
417,Liesa,Blethyn,lblethynbk@unc.edu,Female,Brazil
418,Pancho,Hanselman,phanselmanbl@meetup.com,Genderfluid,Russia
419,Rhetta,Dowle,rdowlebm@prnewswire.com,Female,Japan
420,Ash,Haddacks,ahaddacksbn@ca.gov,Male,France
421,Basil,Bloy,bbloybo@nba.com,Male,Argentina
422,Tuesday,Bartlosz,tbartloszbp@msn.com,Female,China
423,Doretta,Clearley,dclearleybq@prlog.org,Female,China
424,Kati,Eyckelberg,keyckelbergbr@soup.io,Polygender,Chile
425,Barbara,Curnock,bcurnockbs@tamu.edu,Female,Ghana
426,Maye,Motton,mmottonbt@barnesandnoble.com,Female,Kuwait
427,Cyrillus,Yakhin,cyakhinbu@taobao.com,Male,France
428,Orland,Lishman,olishmanbv@parallels.com,Male,Ukraine
429,Natal,Wickett,nwickettbw@surveymonkey.com,Male,France
430,Corrina,Gower,cgowerbx@biblegateway.com,Female,Sweden
431,Lissie,Cathrae,lcathraeby@netvibes.com,Female,China
432,Twyla,Brammall,tbrammallbz@php.net,Female,Indonesia
433,Sarah,Guilloneau,sguilloneauc0@bloglines.com,Female,China
434,Daniella,Metts,dmettsc1@theatlantic.com,Female,Australia
435,Dari,Kolinsky,dkolinskyc2@weibo.com,Female,Poland
436,Cicely,Batthew,cbatthewc3@arizona.edu,Female,France
437,Emelen,Penk,epenkc4@sciencedirect.com,Male,Thailand
438,Izabel,Wegman,iwegmanc5@liveinternet.ru,Female,France
439,Bren,Spafford,bspaffordc6@artisteer.com,Male,Philippines
440,Hatti,Schwandner,hschwandnerc7@feedburner.com,Female,China
441,Adan,Condon,acondonc8@google.com,Male,Philippines
442,Cristobal,Kenningham,ckenninghamc9@1und1.de,Male,Oman
443,Luisa,Dermot,ldermotca@loc.gov,Female,Indonesia
444,Jacquie,Clausner,jclausnercb@archive.org,Female,Albania
445,Gaylor,Glaister,gglaistercc@mayoclinic.com,Male,China
446,Clareta,Bramo,cbramocd@creativecommons.org,Female,China
447,Karine,Bolsover,kbolsoverce@hc360.com,Female,Indonesia
448,Freddie,Abbay,fabbaycf@51.la,Male,Morocco
449,Tobie,Sebastian,tsebastiancg@friendfeed.com,Male,China
450,Raddie,Ambrose,rambrosech@theglobeandmail.com,Male,Colombia
451,Brynna,Vasnev,bvasnevci@yolasite.com,Female,Sweden
452,Heriberto,Grubey,hgrubeycj@photobucket.com,Male,Poland
453,Berti,Hotson,bhotsonck@360.cn,Female,Ireland
454,Minerva,Glidden,mgliddencl@lulu.com,Female,France
455,Cirilo,Couper,ccoupercm@canalblog.com,Male,China
456,Felicia,Shivell,fshivellcn@1688.com,Female,Russia
457,Gaile,Callen,gcallenco@gov.uk,Male,China
458,Raeann,Martt,rmarttcp@gravatar.com,Female,China
459,Clerc,Barham,cbarhamcq@networkadvertising.org,Male,China
460,Boigie,Sorby,bsorbycr@slate.com,Male,Syria
461,Andee,Ferrini,aferrinics@goo.ne.jp,Female,Brazil
462,Ferne,Gather,fgatherct@macromedia.com,Agender,Portugal
463,Charmane,Maingot,cmaingotcu@sun.com,Female,China
464,Mead,Jeans,mjeanscv@yandex.ru,Male,Honduras
465,Corrie,Chappelle,cchappellecw@nba.com,Male,Indonesia
466,Eunice,Shenfisch,eshenfischcx@networkadvertising.org,Female,Brazil
467,Emmet,Kerss,ekersscy@plala.or.jp,Male,China
468,Melita,Cobbold,mcobboldcz@rediff.com,Female,Indonesia
469,Pennie,Jeffreys,pjeffreysd0@desdev.cn,Female,Portugal
470,Hildagarde,McGahern,hmcgahernd1@census.gov,Female,Canada
471,Nehemiah,Azam,nazamd2@google.com.br,Male,Indonesia
472,Jefferson,Woehler,jwoehlerd3@godaddy.com,Male,China
473,Krissie,Mattioni,kmattionid4@bbb.org,Agender,Albania
474,Johan,Bissell,jbisselld5@gizmodo.com,Male,China
475,Lyman,Landsberg,llandsbergd6@merriam-webster.com,Male,Indonesia
476,Poppy,Hammerton,phammertond7@utexas.edu,Female,Indonesia
477,Blair,Barabisch,bbarabischd8@vk.com,Male,Sweden
478,Town,Bamell,tbamelld9@state.tx.us,Male,Peru
479,Bird,Bastone,bbastoneda@vinaora.com,Female,Azerbaijan
480,Meggy,Bowering,mboweringdb@tinypic.com,Non-binary,Russia
481,Gracia,Feare,gfearedc@yolasite.com,Female,Indonesia
482,Lauri,Ryde,lrydedd@storify.com,Female,Peru
483,Erma,McBayne,emcbaynede@clickbank.net,Bigender,Portugal
484,Irwinn,Tock,itockdf@theguardian.com,Male,Vietnam
485,Ronalda,Coulsen,rcoulsendg@over-blog.com,Female,United States
486,Alberik,Westhead,awestheaddh@odnoklassniki.ru,Male,Indonesia
487,Melodee,Da Costa,mdacostadi@moonfruit.com,Female,Portugal
488,Tamarra,Hogsden,thogsdendj@gizmodo.com,Female,Indonesia
489,Romain,Lawn,rlawndk@surveymonkey.com,Male,China
490,Priscilla,Bashford,pbashforddl@gov.uk,Female,Sweden
491,Ardelia,Huckell,ahuckelldm@answers.com,Female,Thailand
492,Beaufort,Burman,bburmandn@omniture.com,Male,Poland
493,Berky,Boggas,bboggasdo@geocities.com,Male,Nigeria
494,Flem,Lethley,flethleydp@photobucket.com,Male,Armenia
495,Delmer,Gilman,dgilmandq@webnode.com,Male,Ukraine
496,Emery,Wellstead,ewellsteaddr@bravesites.com,Male,Denmark
497,Griffie,Purdom,gpurdomds@goodreads.com,Male,China
498,Myles,Bauldry,mbauldrydt@howstuffworks.com,Male,Sweden
499,Remus,Haill,rhailldu@google.ca,Non-binary,Sweden
500,Doti,Votier,dvotierdv@cbsnews.com,Female,China
501,Zonnya,Gricewood,zgricewooddw@dailymail.co.uk,Female,Chad
502,Adler,Fermor,afermordx@apple.com,Male,Japan
503,Eddi,Dugall,edugalldy@geocities.jp,Female,Czech Republic
504,Orelie,Liver,oliverdz@usda.gov,Female,China
505,Rey,Leghorn,rleghorne0@google.co.uk,Male,New Zealand
506,Romy,Rackstraw,rrackstrawe1@oracle.com,Female,Central African Republic
507,Merrily,Facchini,mfacchinie2@4shared.com,Female,Afghanistan
508,Kerby,Boler,kbolere3@adobe.com,Male,Ukraine
509,Cord,Hollows,chollowse4@a8.net,Male,Vietnam
510,Theodore,Battrick,tbattricke5@liveinternet.ru,Male,Peru
511,Patric,Vokins,pvokinse6@nyu.edu,Male,Indonesia
512,Lalo,Kliment,lklimente7@foxnews.com,Male,Ethiopia
513,Muriel,Clewes,mclewese8@cnet.com,Female,China
514,Kristy,Gittis,kgittise9@ocn.ne.jp,Female,Afghanistan
515,Jameson,Marco,jmarcoea@accuweather.com,Male,Cuba
516,Kizzee,Gerhts,kgerhtseb@msu.edu,Female,Indonesia
517,Pierce,Leathem,pleathemec@google.fr,Male,Cyprus
518,Zach,Chieze,zchiezeed@comsenz.com,Male,China
519,Nickolai,Woolacott,nwoolacottee@europa.eu,Male,China
520,Truda,Bottini,tbottinief@dedecms.com,Female,China
521,Devan,Addenbrooke,daddenbrookeeg@theguardian.com,Agender,Ivory Coast
522,Morna,Kenlin,mkenlineh@i2i.jp,Polygender,United States
523,Darcie,Brimelow,dbrimelowei@phoca.cz,Female,Poland
524,Nikaniki,Perdue,nperdueej@nhs.uk,Female,Laos
525,Chrotoem,Hiscocks,chiscocksek@yahoo.co.jp,Male,China
526,Wes,Matokhnin,wmatokhninel@wikipedia.org,Male,Eritrea
527,Quintana,Beetham,qbeethamem@yelp.com,Female,United States
528,Olympe,Southcombe,osouthcombeen@cbslocal.com,Polygender,United States
529,Daveta,MacHarg,dmachargeo@wsj.com,Female,Russia
530,Elfrida,Daybell,edaybellep@istockphoto.com,Agender,Canada
531,Jerri,Amorine,jamorineeq@wiley.com,Male,Indonesia
532,Gilburt,Babe,gbabeer@mozilla.com,Male,Mexico
533,Jacintha,Seamen,jseamenes@ameblo.jp,Female,Ukraine
534,Dilly,Reuben,dreubenet@va.gov,Male,Yemen
535,Robinetta,Panter,rpantereu@geocities.com,Female,Thailand
536,Christabella,Antonin,cantoninev@ehow.com,Female,Philippines
537,Alex,Gallety,agalletyew@amazon.co.jp,Female,France
538,Abel,Teece,ateeceex@chronoengine.com,Male,Russia
539,Vassily,Linden,vlindeney@java.com,Male,Argentina
540,Daphene,Trodd,dtroddez@latimes.com,Female,Iran
541,Daryle,Collecott,dcollecottf0@sohu.com,Bigender,Cuba
542,Pollyanna,Winchcomb,pwinchcombf1@ameblo.jp,Female,China
543,Damiano,Hurworth,dhurworthf2@yale.edu,Male,Colombia
544,Estel,Seebright,eseebrightf3@japanpost.jp,Female,China
545,Gisele,Rospars,grosparsf4@nytimes.com,Female,Suriname
546,Hyacintha,Marquis,hmarquisf5@slate.com,Female,Indonesia
547,Aguistin,Crinson,acrinsonf6@google.es,Male,Russia
548,Allen,Slogrove,aslogrovef7@ted.com,Male,Bulgaria
549,Valentijn,Klass,vklassf8@meetup.com,Male,Indonesia
550,Ernesto,Kitchinghan,ekitchinghanf9@loc.gov,Male,China
551,Elsinore,Menco,emencofa@mit.edu,Female,China
552,Giralda,Albert,galbertfb@dmoz.org,Female,Indonesia
553,Barris,Hackin,bhackinfc@ibm.com,Male,Chad
554,Nanette,Ryding,nrydingfd@cnn.com,Female,Bolivia
555,Chrystal,Hamby,chambyfe@de.vu,Non-binary,France
556,Cass,Liston,clistonff@ustream.tv,Male,China
557,Annissa,Bixley,abixleyfg@ebay.co.uk,Female,Slovenia
558,Avivah,Bolger,abolgerfh@parallels.com,Female,China
559,Francklyn,Jandac,fjandacfi@163.com,Male,Greece
560,Howard,Westgarth,hwestgarthfj@youtube.com,Male,China
561,Gerald,Paylor,gpaylorfk@1und1.de,Male,Indonesia
562,Asa,Telford,atelfordfl@yolasite.com,Male,Indonesia
563,Bastien,Fattorini,bfattorinifm@ftc.gov,Male,Brazil
564,Nananne,Antao,nantaofn@amazon.com,Female,Nigeria
565,Jakob,Hanrott,jhanrottfo@paginegialle.it,Male,China
566,Sloane,Willan,swillanfp@ameblo.jp,Male,Philippines
567,Drusilla,Richichi,drichichifq@php.net,Female,Argentina
568,Waverley,Rickhuss,wrickhussfr@si.edu,Male,Austria
569,Joey,Shoorbrooke,jshoorbrookefs@angelfire.com,Male,France
570,Toddie,Mountcastle,tmountcastleft@patch.com,Male,China
571,Carry,Boundley,cboundleyfu@webeden.co.uk,Female,Czech Republic
572,Gusti,Willey,gwilleyfv@nba.com,Female,Argentina
573,Dun,Twiggs,dtwiggsfw@lulu.com,Male,China
574,Germaine,Ianson,giansonfx@cloudflare.com,Female,China
575,Andie,Werner,awernerfy@blogs.com,Male,Brazil
576,Charley,Stennine,cstenninefz@earthlink.net,Male,Nigeria
577,Leicester,Madders,lmaddersg0@goo.gl,Male,United States
578,Rurik,Dyott,rdyottg1@merriam-webster.com,Male,China
579,Lockwood,Ness,lnessg2@hhs.gov,Male,Argentina
580,Adolph,Anderton,aandertong3@ucoz.ru,Male,Indonesia
581,Jeanne,Swanbourne,jswanbourneg4@vistaprint.com,Female,China
582,Livvie,Fearick,lfearickg5@bravesites.com,Female,Malawi
583,Amelie,Elloway,aellowayg6@irs.gov,Agender,China
584,Elenore,Martensen,emartenseng7@dot.gov,Female,Argentina
585,Guillema,Pickthorn,gpickthorng8@archive.org,Female,Brazil
586,Barrie,Scolland,bscollandg9@ifeng.com,Male,Ukraine
587,Margarita,Hoyte,mhoytega@posterous.com,Genderqueer,Portugal
588,Donella,Whylie,dwhyliegb@liveinternet.ru,Female,Indonesia
589,Homere,Severn,hseverngc@intel.com,Male,Canada
590,Janaya,Baugham,jbaughamgd@networkadvertising.org,Female,France
591,Siusan,Branson,sbransonge@jigsy.com,Female,China
592,Dara,Butlin,dbutlingf@wisc.edu,Female,Philippines
593,Trula,Ovenell,tovenellgg@xrea.com,Female,China
594,Jakie,Fraczak,jfraczakgh@ebay.com,Male,Indonesia
595,Damaris,Corbould,dcorbouldgi@ucoz.ru,Female,China
596,Winifield,Olorenshaw,wolorenshawgj@twitpic.com,Male,Poland
597,Townsend,Denge,tdengegk@cbslocal.com,Male,China
598,Sally,Driussi,sdriussigl@live.com,Female,Indonesia
599,Kristin,Ormerod,kormerodgm@skyrock.com,Female,Indonesia
600,Ethelin,Silber,esilbergn@cpanel.net,Female,Russia
601,Estevan,Fuggle,efugglego@lulu.com,Male,Venezuela
602,Lorinda,Sidaway,lsidawaygp@guardian.co.uk,Female,Philippines
603,Shea,Standall,sstandallgq@bizjournals.com,Male,Netherlands
604,Liva,Pordall,lpordallgr@com.com,Female,Czech Republic
605,Reinold,Blakes,rblakesgs@virginia.edu,Male,Indonesia
606,Ulick,Rospars,urosparsgt@goo.ne.jp,Male,China
607,Gannie,Salling,gsallinggu@diigo.com,Male,Gabon
608,Tersina,Spillman,tspillmangv@ebay.com,Female,China
609,Cairistiona,Ashbey,cashbeygw@cargocollective.com,Female,China
610,Tova,Powley,tpowleygx@berkeley.edu,Female,China
611,David,Langland,dlanglandgy@java.com,Male,Philippines
612,Kessia,Halgarth,khalgarthgz@nba.com,Female,China
613,Ingram,Axtens,iaxtensh0@usa.gov,Male,Russia
614,Stephen,Giannazzo,sgiannazzoh1@sun.com,Male,Colombia
615,Barbe,Bevar,bbevarh2@blinklist.com,Female,Czech Republic
616,Wadsworth,Linck,wlinckh3@army.mil,Male,Japan
617,West,Baser,wbaserh4@twitter.com,Male,China
618,Henrie,Bedenham,hbedenhamh5@google.com.br,Female,China
619,Haywood,Eddie,heddieh6@list-manage.com,Male,China
620,Nico,Fogt,nfogth7@sohu.com,Male,Indonesia
621,Madalyn,Surmeyers,msurmeyersh8@naver.com,Female,China
622,Weidar,Pariss,wparissh9@people.com.cn,Male,Indonesia
623,Winifield,Driffield,wdriffieldha@alexa.com,Male,Philippines
624,Arin,Dillinger,adillingerhb@google.co.jp,Male,Brazil
625,Giffard,Gerram,ggerramhc@quantcast.com,Male,China
626,Risa,Rapper,rrapperhd@pen.io,Female,China
627,Lynnette,Raynham,lraynhamhe@macromedia.com,Female,Poland
628,Ginnie,Doughartie,gdoughartiehf@aol.com,Female,Indonesia
629,Britt,June,bjunehg@ucla.edu,Polygender,China
630,Sayers,Queree,squereehh@dedecms.com,Male,Indonesia
631,Leonhard,Winscom,lwinscomhi@sphinn.com,Bigender,Moldova
632,Ronalda,Swindells,rswindellshj@ucoz.ru,Bigender,South Africa
633,Quintina,Raymont,qraymonthk@ox.ac.uk,Female,China
634,Teodoro,Linder,tlinderhl@msn.com,Male,Jordan
635,Kermit,Meynell,kmeynellhm@over-blog.com,Bigender,Dominican Republic
636,Giovanni,Colnett,gcolnetthn@blogger.com,Male,Dominican Republic
637,Garrot,Parry,gparryho@soup.io,Male,Indonesia
638,Brina,Enriques,benriqueshp@cargocollective.com,Female,China
639,Nerte,Robun,nrobunhq@reddit.com,Agender,Palestinian Territory
640,Theresita,Mulhill,tmulhillhr@ibm.com,Genderfluid,Afghanistan
641,Burk,Minihane,bminihanehs@printfriendly.com,Male,Czech Republic
642,Hyacinthia,Fulle,hfulleht@wix.com,Female,France
643,Christos,Pettecrew,cpettecrewhu@google.com,Male,Ethiopia
644,Shelby,Livingstone,slivingstonehv@trellian.com,Female,Brazil
645,Aundrea,Reveley,areveleyhw@g.co,Female,Russia
646,Hamlen,Faulo,hfaulohx@marriott.com,Male,Portugal
647,Pennie,MacPake,pmacpakehy@odnoklassniki.ru,Female,Poland
648,Arri,Sherrington,asherringtonhz@google.co.uk,Male,China
649,Rodie,Benadette,rbenadettei0@histats.com,Female,Russia
650,Margarethe,Maharg,mmahargi1@comsenz.com,Female,Philippines
651,Rollins,Kitchiner,rkitchineri2@cyberchimps.com,Male,Costa Rica
652,Weber,Berryann,wberryanni3@rediff.com,Male,Argentina
653,Ruby,Griffin,rgriffini4@netlog.com,Female,Indonesia
654,Ingelbert,Bratten,ibratteni5@php.net,Male,France
655,Clint,Marquese,cmarquesei6@slate.com,Male,China
656,Francisca,Koopman,fkoopmani7@cisco.com,Female,Mexico
657,Arie,Hattigan,ahattigani8@xrea.com,Male,Portugal
658,Nicolle,Eaglen,neagleni9@csmonitor.com,Female,Indonesia
659,Eilis,Jessen,ejessenia@dedecms.com,Female,Ukraine
660,Marcellus,Bilsford,mbilsfordib@prlog.org,Male,Argentina
661,Christos,Weekland,cweeklandic@canalblog.com,Male,China
662,Walden,Philipsohn,wphilipsohnid@arstechnica.com,Male,Vietnam
663,Joaquin,Peer,jpeerie@ow.ly,Male,Thailand
664,Aimee,Stenet,astenetif@unesco.org,Female,Germany
665,Una,Claricoats,uclaricoatsig@va.gov,Female,China
666,Pascale,Hyams,phyamsih@hp.com,Male,Ecuador
667,Katharina,Bernardeschi,kbernardeschiii@naver.com,Female,United States
668,Lucio,Crichmere,lcrichmereij@meetup.com,Male,Colombia
669,Salvador,Bishell,sbishellik@dell.com,Genderfluid,France
670,Goldina,Whatling,gwhatlingil@aboutads.info,Female,Sweden
671,Ernst,Ropp,eroppim@mozilla.com,Non-binary,Kazakhstan
672,Darsey,Urwin,durwinin@dot.gov,Female,Syria
673,Jeramie,Yendall,jyendallio@army.mil,Agender,Indonesia
674,Maiga,Keijser,mkeijserip@bbc.co.uk,Female,Dominican Republic
675,Arabela,Davys,adavysiq@geocities.com,Female,China
676,Dionisio,Downie,ddownieir@msu.edu,Male,Finland
677,Ricca,Alexander,ralexanderis@wufoo.com,Female,United States
678,Walton,Vyel,wvyelit@tmall.com,Male,Malaysia
679,Allsun,Garfath,agarfathiu@theguardian.com,Female,China
680,Darwin,Fardy,dfardyiv@examiner.com,Male,China
681,Jaquenette,Alvis,jalvisiw@amazon.co.jp,Female,Russia
682,Pepito,Cescon,pcesconix@theatlantic.com,Male,China
683,Berrie,Sacco,bsaccoiy@eventbrite.com,Female,Japan
684,Calida,Willicott,cwillicottiz@cocolog-nifty.com,Female,Mexico
685,Cortney,Kernan,ckernanj0@php.net,Female,China
686,Ermentrude,Doust,edoustj1@about.me,Female,Indonesia
687,Ingrim,Albarez,ialbarezj2@google.fr,Male,Slovenia
688,Bel,Chiplen,bchiplenj3@xinhuanet.com,Female,Kazakhstan
689,Lydia,Lynnett,llynnettj4@ed.gov,Female,Tanzania
690,Boycie,Considine,bconsidinej5@ovh.net,Male,Nigeria
691,Henka,Willock,hwillockj6@cpanel.net,Female,Papua New Guinea
692,Ranice,Brickdale,rbrickdalej7@cyberchimps.com,Female,France
693,Aila,Mattingson,amattingsonj8@gmpg.org,Female,Dominican Republic
694,Randee,Vondrys,rvondrysj9@google.ru,Female,Vietnam
695,Rick,Pfertner,rpfertnerja@youku.com,Male,New Zealand
696,Reiko,Garmans,rgarmansjb@virginia.edu,Female,China
697,Robby,Jobbing,rjobbingjc@nationalgeographic.com,Male,Philippines
698,Bentlee,Spaughton,bspaughtonjd@studiopress.com,Genderqueer,Philippines
699,Charlton,Beggan,cbegganje@unc.edu,Male,Poland
700,Ilyse,Feifer,ifeiferjf@chicagotribune.com,Female,France
701,Ursola,Kynnd,ukynndjg@addthis.com,Genderqueer,Philippines
702,Thibaud,Hidderley,thidderleyjh@so-net.ne.jp,Male,United States
703,Farrel,Storre,fstorreji@dagondesign.com,Male,Colombia
704,Clemente,Cupitt,ccupittjj@youtu.be,Bigender,China
705,Jacenta,Pattini,jpattinijk@blogs.com,Genderqueer,Thailand
706,Jacintha,Helis,jhelisjl@imgur.com,Female,China
707,Sallyann,Gogay,sgogayjm@dagondesign.com,Female,Syria
708,Devland,Fuller,dfullerjn@unc.edu,Male,China
709,Homere,Ipsley,hipsleyjo@photobucket.com,Male,China
710,Marsh,Johncey,mjohnceyjp@skyrock.com,Male,China
711,Wallis,Ibbotson,wibbotsonjq@vk.com,Female,Portugal
712,Gearalt,Wisher,gwisherjr@spiegel.de,Polygender,Indonesia
713,Byran,Wolver,bwolverjs@instagram.com,Male,Poland
714,Dannie,Sarfat,dsarfatjt@ask.com,Male,Latvia
715,Anastasie,Vynehall,avynehallju@bloglines.com,Agender,Angola
716,Katusha,Ortiger,kortigerjv@bluehost.com,Female,China
717,Jacqui,Colbertson,jcolbertsonjw@hud.gov,Female,Sweden
718,Mathilde,Howgill,mhowgilljx@domainmarket.com,Female,Sweden
719,Maren,Crimmins,mcrimminsjy@home.pl,Female,Sweden
720,Ad,O'Halligan,aohalliganjz@mayoclinic.com,Male,Indonesia
721,Alexine,Zielinski,azielinskik0@merriam-webster.com,Female,Sweden
722,Tomi,Mabbe,tmabbek1@bbc.co.uk,Female,Indonesia
723,Arlyn,Milkin,amilkink2@qq.com,Female,China
724,Mercy,Deans,mdeansk3@amazon.co.uk,Female,Indonesia
725,Dorthea,Shackle,dshacklek4@smugmug.com,Female,Philippines
726,Wilfred,Eick,weickk5@japanpost.jp,Male,Panama
727,Deny,Esparza,desparzak6@loc.gov,Genderqueer,Indonesia
728,Ephrayim,Butler,ebutlerk7@columbia.edu,Male,Colombia
729,Cyrus,Juppe,cjuppek8@livejournal.com,Male,Yemen
730,Corissa,Simison,csimisonk9@usa.gov,Female,Philippines
731,Lyn,Extil,lextilka@sina.com.cn,Male,Cyprus
732,Rosemarie,Ciardo,rciardokb@cnbc.com,Female,Canada
733,Lari,Apted,laptedkc@ocn.ne.jp,Female,Brazil
734,Jessee,Ziemen,jziemenkd@google.it,Male,Philippines
735,Gillan,Mayoral,gmayoralke@foxnews.com,Female,Somalia
736,Delbert,Gullifant,dgullifantkf@free.fr,Genderqueer,Argentina
737,Wat,Fansy,wfansykg@google.cn,Male,Brazil
738,Rena,Doige,rdoigekh@hexun.com,Agender,Indonesia
739,Kellie,Klassmann,kklassmannki@msu.edu,Female,Estonia
740,Arv,Skerme,askermekj@state.tx.us,Genderfluid,Bosnia and Herzegovina
741,Iago,Matt,imattkk@sakura.ne.jp,Male,Sweden
742,Jamaal,Castleton,jcastletonkl@tripadvisor.com,Male,Poland
743,Culver,MacInerney,cmacinerneykm@gravatar.com,Genderqueer,Portugal
744,Zachariah,Heis,zheiskn@purevolume.com,Male,Brazil
745,Rina,Armall,rarmallko@exblog.jp,Female,Peru
746,Abbott,Demetr,ademetrkp@yellowpages.com,Male,Hungary
747,Emmery,Cunnane,ecunnanekq@cam.ac.uk,Male,Poland
748,Lonnard,Scard,lscardkr@uol.com.br,Male,Malaysia
749,Rhodia,Moncur,rmoncurks@yandex.ru,Female,Czech Republic
750,Tove,Baseley,tbaseleykt@eepurl.com,Female,Indonesia
751,Ravid,Bahia,rbahiaku@ebay.co.uk,Male,Thailand
752,Ky,Grealish,kgrealishkv@qq.com,Male,China
753,Gayleen,Dolle,gdollekw@booking.com,Female,Poland
754,Marylou,McNabb,mmcnabbkx@wiley.com,Female,Russia
755,Marta,Adolthine,madolthineky@multiply.com,Female,Azerbaijan
756,Clay,Falconbridge,cfalconbridgekz@cnbc.com,Male,Turkmenistan
757,Evey,Croley,ecroleyl0@wisc.edu,Female,South Africa
758,Rianon,Waslin,rwaslinl1@sakura.ne.jp,Female,Cuba
759,Kienan,Ickovitz,kickovitzl2@issuu.com,Male,Indonesia
760,Ferrel,Maffezzoli,fmaffezzolil3@smugmug.com,Male,Nicaragua
761,Fawne,Brennen,fbrennenl4@eventbrite.com,Female,Thailand
762,Jakob,Coslitt,jcoslittl5@rediff.com,Male,Japan
763,Douglas,Pauncefort,dpauncefortl6@microsoft.com,Male,United States
764,Nanon,de Clerk,ndeclerkl7@mapy.cz,Female,Indonesia
765,Vincenty,Tailby,vtailbyl8@wikipedia.org,Male,Indonesia
766,Carce,Airlie,cairliel9@statcounter.com,Male,Vietnam
767,Nikolas,Belchem,nbelchemla@google.cn,Male,Indonesia
768,Gabe,Dominey,gdomineylb@nsw.gov.au,Male,Poland
769,Michele,Dunican,mdunicanlc@ameblo.jp,Female,Sweden
770,Colas,Kidstone,ckidstoneld@cdbaby.com,Male,China
771,Rebecka,Botten,rbottenle@alexa.com,Female,Peru
772,Montague,Thring,mthringlf@hc360.com,Male,China
773,Marlon,Cantle,mcantlelg@amazon.de,Male,Philippines
774,Hedvige,Treadway,htreadwaylh@engadget.com,Female,China
775,Normie,Costerd,ncosterdli@tamu.edu,Male,Croatia
776,Leif,O'Coskerry,locoskerrylj@mediafire.com,Male,France
777,Roxanne,Clotworthy,rclotworthylk@delicious.com,Female,Sudan
778,Larissa,Potteridge,lpotteridgell@tinypic.com,Bigender,Slovenia
779,Mordy,Phair,mphairlm@disqus.com,Male,Greece
780,Agnese,Noquet,anoquetln@dedecms.com,Female,China
781,Essa,Clines,eclineslo@bluehost.com,Female,China
782,Nisse,Housegoe,nhousegoelp@smh.com.au,Female,China
783,Nadya,Naisey,nnaiseylq@nydailynews.com,Female,Indonesia
784,Amil,Diem,adiemlr@cbslocal.com,Genderqueer,China
785,Ellerey,Petzolt,epetzoltls@csmonitor.com,Male,Ecuador
786,Faulkner,Janczak,fjanczaklt@bandcamp.com,Male,Indonesia
787,Sanderson,Sallans,ssallanslu@about.com,Male,Russia
788,Barron,Brislan,bbrislanlv@skype.com,Male,Argentina
789,Emmalyn,Pattullo,epattullolw@youtube.com,Female,Ukraine
790,Gilberto,Winyard,gwinyardlx@wikipedia.org,Male,China
791,Hermann,Zealy,hzealyly@rediff.com,Male,Indonesia
792,Denny,Ducarne,dducarnelz@google.de,Female,Poland
793,Matty,Kitchinghan,mkitchinghanm0@biglobe.ne.jp,Female,Madagascar
794,Dorena,Domican,ddomicanm1@de.vu,Female,Greece
795,Carroll,Arnaudi,carnaudim2@ibm.com,Female,Vietnam
796,Boony,Fussell,bfussellm3@hp.com,Male,China
797,Bobine,Oakenford,boakenfordm4@mediafire.com,Female,China
798,Barb,Nurny,bnurnym5@msn.com,Female,Brazil
799,Ignaz,Middle,imiddlem6@mapquest.com,Male,Macedonia
800,Hyacinthe,Fear,hfearm7@gizmodo.com,Female,France
801,Howey,Shyres,hshyresm8@cloudflare.com,Male,Portugal
802,Sib,MacGarvey,smacgarveym9@google.ca,Genderfluid,Indonesia
803,Arlen,Schroter,aschroterma@friendfeed.com,Polygender,Honduras
804,Keith,Shadwick,kshadwickmb@flavors.me,Male,Serbia
805,Shellie,Ghost,sghostmc@hexun.com,Female,Lithuania
806,Tallie,MacIlwrick,tmacilwrickmd@typepad.com,Female,Uruguay
807,Coreen,Staries,cstariesme@bbb.org,Female,Thailand
808,Jamey,Tilbury,jtilburymf@macromedia.com,Male,Venezuela
809,Darya,Markus,dmarkusmg@addthis.com,Female,Russia
810,Dannie,Usher,dushermh@yale.edu,Male,Jordan
811,Oralla,Cheavin,ocheavinmi@fc2.com,Female,Philippines
812,Reade,Larn,rlarnmj@cocolog-nifty.com,Male,Philippines
813,Catherin,Handrek,chandrekmk@elpais.com,Female,China
814,Bartolemo,Prahm,bprahmml@accuweather.com,Male,Vietnam
815,Godfry,Chadbourn,gchadbournmm@google.it,Male,Indonesia
816,Zach,Moran,zmoranmn@blogs.com,Male,Colombia
817,Brittany,Alastair,balastairmo@businessweek.com,Female,Indonesia
818,Annora,Eim,aeimmp@yellowpages.com,Female,Indonesia
819,Brannon,Doret,bdoretmq@bloomberg.com,Male,Spain
820,Dun,de Keyser,ddekeysermr@fc2.com,Male,China
821,Salaidh,Plomer,splomerms@weibo.com,Female,Germany
822,Vinson,St Quenin,vstqueninmt@pen.io,Male,Indonesia
823,Caryl,Koene,ckoenemu@hud.gov,Male,China
824,Kristien,Charte,kchartemv@abc.net.au,Non-binary,Kazakhstan
825,Mose,Alyutin,malyutinmw@netvibes.com,Male,China
826,Skelly,Aiston,saistonmx@purevolume.com,Male,Poland
827,Geri,MacColgan,gmaccolganmy@cmu.edu,Male,China
828,Easter,Salvador,esalvadormz@senate.gov,Female,Honduras
829,Meredith,O'Dea,modean0@issuu.com,Male,Norway
830,Eula,Polye,epolyen1@psu.edu,Female,Tokelau
831,Gwenneth,Cromer,gcromern2@wired.com,Female,Bolivia
832,Jules,Matchitt,jmatchittn3@naver.com,Male,China
833,Richmond,Glenfield,rglenfieldn4@quantcast.com,Male,Indonesia
834,Hobie,Aujean,haujeann5@biblegateway.com,Male,Russia
835,Myrlene,Pandey,mpandeyn6@accuweather.com,Female,China
836,Fremont,Osmint,fosmintn7@a8.net,Male,Indonesia
837,Allyn,Jann,ajannn8@soundcloud.com,Female,China
838,Aggie,Francombe,afrancomben9@chicagotribune.com,Female,Greece
839,Brittan,Arderne,bardernena@google.nl,Female,Ivory Coast
840,Merla,Worts,mwortsnb@redcross.org,Genderqueer,China
841,Sterne,Ryson,srysonnc@dmoz.org,Male,France
842,Jennilee,Kalkofen,jkalkofennd@discovery.com,Female,South Africa
843,Alysa,Mallabar,amallabarne@nps.gov,Female,Taiwan
844,Drake,Raith,draithnf@oaic.gov.au,Male,Japan
845,Corrina,Seligson,cseligsonng@theguardian.com,Female,Portugal
846,Enrica,Loveitt,eloveittnh@globo.com,Female,China
847,Law,Cotes,lcotesni@usatoday.com,Male,Angola
848,Pearle,McIllrick,pmcillricknj@netvibes.com,Female,Belarus
849,Sheela,Turban,sturbannk@bloomberg.com,Female,Bulgaria
850,Temp,Hayland,thaylandnl@wired.com,Male,Democratic Republic of the Congo
851,Glenn,Antczak,gantczaknm@imdb.com,Male,Mexico
852,Quinn,Regler,qreglernn@dmoz.org,Agender,Brazil
853,Delcina,Delieu,ddelieuno@berkeley.edu,Female,Portugal
854,Griswold,Gullefant,ggullefantnp@ibm.com,Agender,China
855,Eben,Davy,edavynq@google.co.jp,Male,Paraguay
856,Erinn,Wogdon,ewogdonnr@aol.com,Female,Indonesia
857,Perla,Gosnall,pgosnallns@nbcnews.com,Female,Mexico
858,Dianemarie,Twist,dtwistnt@ted.com,Female,Peru
859,Adolphus,Henzer,ahenzernu@deliciousdays.com,Bigender,Peru
860,Gregory,Strudwick,gstrudwicknv@gmpg.org,Male,China
861,Angus,Cheyney,acheyneynw@booking.com,Male,Portugal
862,Bevvy,Steers,bsteersnx@chronoengine.com,Bigender,Indonesia
863,Dion,Broggio,dbroggiony@github.com,Male,Ukraine
864,Farica,Southorn,fsouthornnz@php.net,Female,China
865,Blondy,Platt,bplatto0@admin.ch,Female,Russia
866,Amaleta,Goomes,agoomeso1@yandex.ru,Female,China
867,Frans,Clery,fcleryo2@skype.com,Non-binary,China
868,Emiline,Larcombe,elarcombeo3@wikia.com,Polygender,Portugal
869,Sada,Coffin,scoffino4@prnewswire.com,Female,Hungary
870,Burnard,Fausset,bfausseto5@example.com,Polygender,Czech Republic
871,Matthias,Lucey,mluceyo6@upenn.edu,Male,Costa Rica
872,Pavia,McAllen,pmcalleno7@boston.com,Female,Tunisia
873,Silvano,Reilinger,sreilingero8@themeforest.net,Male,China
874,Angy,Najafian,anajafiano9@aol.com,Female,China
875,Ailey,Aldhouse,aaldhouseoa@google.pl,Female,Russia
876,Kamillah,Habberjam,khabberjamob@ucla.edu,Female,Philippines
877,Rodolfo,Kruszelnicki,rkruszelnickioc@sun.com,Male,Venezuela
878,Thea,Fincher,tfincherod@tripadvisor.com,Female,Netherlands
879,Robbert,Lightwing,rlightwingoe@comsenz.com,Male,Japan
880,Georgi,Janak,gjanakof@fema.gov,Male,Tunisia
881,Antony,Edington,aedingtonog@hostgator.com,Male,Portugal
882,Brandon,Worsfield,bworsfieldoh@netlog.com,Male,Colombia
883,Kristos,Upwood,kupwoodoi@topsy.com,Male,France
884,Elie,Pecey,epeceyoj@wikispaces.com,Female,Guatemala
885,Humberto,Iorio,hioriook@chicagotribune.com,Male,Ukraine
886,Pernell,Jovovic,pjovovicol@hp.com,Non-binary,Benin
887,Aubrey,Birtchnell,abirtchnellom@noaa.gov,Female,Indonesia
888,Kaile,Seeney,kseeneyon@reddit.com,Female,Nicaragua
889,Mikol,Bale,mbaleoo@deviantart.com,Male,Bulgaria
890,Lynnet,O'Regan,loreganop@nba.com,Female,China
891,Nina,Adamiec,nadamiecoq@facebook.com,Female,Cyprus
892,Kanya,Grubey,kgrubeyor@ox.ac.uk,Female,Malaysia
893,Onfre,Beviss,obevissos@google.es,Male,Azerbaijan
894,Edik,Dunseath,edunseathot@bloglines.com,Male,Poland
895,Olive,Parminter,oparminterou@usnews.com,Female,Philippines
896,Farley,Penlington,fpenlingtonov@domainmarket.com,Male,Mexico
897,Hatty,Menichillo,hmenichilloow@salon.com,Female,China
898,Carleen,Djurevic,cdjurevicox@parallels.com,Female,United States
899,Kordula,Keyse,kkeyseoy@discovery.com,Bigender,Russia
900,Tabatha,Fawdry,tfawdryoz@samsung.com,Female,Palestinian Territory
901,Benji,Tousey,btouseyp0@sciencedirect.com,Male,Czech Republic
902,Kane,Jaukovic,kjaukovicp1@amazon.co.jp,Male,United States
903,Shermie,Tubbles,stubblesp2@slashdot.org,Male,Qatar
904,Araldo,Waterman,awatermanp3@wsj.com,Male,Serbia
905,Arny,Elton,aeltonp4@irs.gov,Male,China
906,Valaree,Arkil,varkilp5@europa.eu,Female,Russia
907,Faith,Amer,famerp6@chronoengine.com,Female,Estonia
908,Trescha,McCrae,tmccraep7@mlb.com,Female,Mongolia
909,Onfroi,Pepperill,opepperillp8@themeforest.net,Male,Uzbekistan
910,Terri,Liccardi,tliccardip9@ucoz.com,Non-binary,China
911,Fionnula,McCooke,fmccookepa@over-blog.com,Female,Namibia
912,Wes,McTear,wmctearpb@adobe.com,Agender,China
913,Astrid,Farnish,afarnishpc@simplemachines.org,Female,Morocco
914,Carson,McTurley,cmcturleypd@usnews.com,Male,China
915,Lynnette,Antonomoli,lantonomolipe@uol.com.br,Female,Portugal
916,Guss,Headly,gheadlypf@mapy.cz,Male,United States
917,Merle,Bartkiewicz,mbartkiewiczpg@altervista.org,Genderqueer,China
918,Rad,Greathead,rgreatheadph@lycos.com,Male,Japan
919,Aldo,McQuaid,amcquaidpi@tmall.com,Male,Peru
920,Dore,Bouzek,dbouzekpj@rambler.ru,Male,Czech Republic
921,Boyd,Faye,bfayepk@sohu.com,Male,China
922,Patton,Newlin,pnewlinpl@booking.com,Male,China
923,Yancy,Toolin,ytoolinpm@creativecommons.org,Male,China
924,Cyndi,Joselevitz,cjoselevitzpn@hibu.com,Genderqueer,Japan
925,Alfi,Border,aborderpo@chicagotribune.com,Genderqueer,China
926,Edan,Wardley,ewardleypp@dyndns.org,Bigender,France
927,Caresa,Fowley,cfowleypq@tripod.com,Female,Philippines
928,Dar,Chimenti,dchimentipr@domainmarket.com,Male,Indonesia
929,Nissa,Nizet,nnizetps@t.co,Female,China
930,Daryl,Hynam,dhynampt@aboutads.info,Male,Indonesia
931,Bree,Conquest,bconquestpu@uol.com.br,Female,China
932,Ida,Poynser,ipoynserpv@hhs.gov,Female,China
933,Guy,Kensy,gkensypw@usgs.gov,Male,Colombia
934,Brandy,Simeonov,bsimeonovpx@1und1.de,Male,China
935,Maxie,Clare,mclarepy@lulu.com,Male,Russia
936,Tucker,Sidlow,tsidlowpz@omniture.com,Male,China
937,Pierson,Varlow,pvarlowq0@flickr.com,Male,China
938,Birgitta,Sarson,bsarsonq1@ebay.com,Female,Indonesia
939,Willdon,Cecil,wcecilq2@exblog.jp,Male,Nigeria
940,Roxi,Bentall,rbentallq3@nsw.gov.au,Female,Norway
941,Vaughn,Evason,vevasonq4@geocities.jp,Polygender,Malawi
942,Marianne,Lockitt,mlockittq5@bloglines.com,Female,Portugal
943,Erich,Dany,edanyq6@rediff.com,Male,Russia
944,Enos,Capelle,ecapelleq7@woothemes.com,Male,South Africa
945,Torre,Silverthorn,tsilverthornq8@loc.gov,Male,China
946,Celestyna,Vernay,cvernayq9@nyu.edu,Female,Russia
947,Leif,Bruna,lbrunaqa@canalblog.com,Male,Iran
948,Devin,Texton,dtextonqb@freewebs.com,Female,Thailand
949,Cristy,Wickersley,cwickersleyqc@google.com.au,Female,Brazil
950,Susann,Squibbes,ssquibbesqd@ucla.edu,Female,Latvia
951,Sayres,Lamden,slamdenqe@paginegialle.it,Male,Netherlands
952,Gauthier,Foskew,gfoskewqf@oracle.com,Male,Russia
953,Malvin,Abells,mabellsqg@cloudflare.com,Male,Estonia
954,Golda,Brounsell,gbrounsellqh@surveymonkey.com,Female,France
955,Clayborn,Pryn,cprynqi@answers.com,Male,Ukraine
956,Sybille,Darcy,sdarcyqj@slideshare.net,Female,Lithuania
957,Brannon,Grealish,bgrealishqk@clickbank.net,Male,France
958,Fabian,Gotcliff,fgotcliffql@drupal.org,Male,United States
959,Yank,Peet,ypeetqm@ifeng.com,Male,China
960,Casandra,Wetton,cwettonqn@github.com,Female,Morocco
961,Sumner,Weine,sweineqo@skype.com,Genderqueer,Tunisia
962,Burty,Grodden,bgroddenqp@over-blog.com,Male,Indonesia
963,Darin,Jardine,djardineqq@fotki.com,Male,Philippines
964,Tabbi,Meanwell,tmeanwellqr@deviantart.com,Female,Mexico
965,Purcell,Claibourn,pclaibournqs@cocolog-nifty.com,Male,Philippines
966,Godfree,Fernihough,gfernihoughqt@ftc.gov,Male,Poland
967,Jimmy,Charlwood,jcharlwoodqu@w3.org,Male,Nicaragua
968,Austin,Arminger,aarmingerqv@vistaprint.com,Female,Philippines
969,Lynett,Zolini,lzoliniqw@cpanel.net,Female,Tanzania
970,Rik,Wyllie,rwyllieqx@ed.gov,Male,Poland
971,Lesley,Lindberg,llindbergqy@de.vu,Female,Ukraine
972,Hardy,Pow,hpowqz@admin.ch,Male,Guatemala
973,Woodman,Devo,wdevor0@wsj.com,Male,Indonesia
974,Maximilien,Jiggle,mjiggler1@nifty.com,Male,Bhutan
975,Stefa,Fer,sferr2@zimbio.com,Female,Japan
976,Damaris,MacCrossan,dmaccrossanr3@slashdot.org,Female,Brazil
977,Adolpho,Birds,abirdsr4@state.gov,Agender,Luxembourg
978,Charmane,Sandes,csandesr5@qq.com,Female,Czech Republic
979,Faydra,Dabels,fdabelsr6@unicef.org,Female,Brazil
980,Nils,Kleinfeld,nkleinfeldr7@smh.com.au,Male,Greece
981,Diahann,Larvent,dlarventr8@smugmug.com,Female,China
982,Shel,Devorill,sdevorillr9@who.int,Female,Peru
983,Tiebold,Bachelor,tbachelorra@canalblog.com,Male,Norway
984,Nady,Ayres,nayresrb@com.com,Female,Japan
985,Natka,Yepiskov,nyepiskovrc@github.io,Bigender,Malta
986,Jayson,Wainwright,jwainwrightrd@usda.gov,Male,Portugal
987,Robbie,Tadlow,rtadlowre@cmu.edu,Male,Russia
988,Ali,Aymeric,aaymericrf@tripod.com,Polygender,Philippines
989,Anatola,Illingworth,aillingworthrg@jigsy.com,Female,China
990,Tedie,Kedie,tkedierh@deviantart.com,Male,Laos
991,Karalee,Yanson,kyansonri@nbcnews.com,Female,Guatemala
992,Phelia,Mackrill,pmackrillrj@ftc.gov,Female,Indonesia
993,Belvia,Kamen,bkamenrk@si.edu,Female,United States
994,Ardeen,Rabl,arablrl@phpbb.com,Female,Peru
995,Marcel,Broadberry,mbroadberryrm@youtu.be,Male,Mexico
996,Lila,Ladon,lladonrn@sourceforge.net,Female,France
997,Udell,Muselli,umuselliro@canalblog.com,Male,China
998,Wilmer,Kingescot,wkingescotrp@360.cn,Male,China
999,Deanne,Davers,ddaversrq@ask.com,Female,Nepal
1000,Randolf,Brickwood,rbrickwoodrr@google.com.hk,Male,Indonesia
